1,100,WEBSERVICES_TSTDRV2521788_022120225141904652035336021_fe0b42,181.3KiB,0:00:00.723078
2,100,WEBSERVICES_TSTDRV2521788_022120225141904652035336021_fe0b42,181.3KiB,0:00:00.676229
3,100,WEBSERVICES_TSTDRV2521788_022120225141904652035336021_fe0b42,181.3KiB,0:00:00.771613
4,100,WEBSERVICES_TSTDRV2521788_022120225141904652035336021_fe0b42,181.3KiB,0:00:00.801407
5,100,WEBSERVICES_TSTDRV2521788_022120225141904652035336021_fe0b42,181.3KiB,0:00:00.886364
6,100,WEBSERVICES_TSTDRV2521788_022120225141904652035336021_fe0b42,181.3KiB,0:00:00.733232
7,100,WEBSERVICES_TSTDRV2521788_022120225141904652035336021_fe0b42,181.2KiB,0:00:00.754927
8,100,WEBSERVICES_TSTDRV2521788_022120225141904652035336021_fe0b42,181.3KiB,0:00:00.707113
9,100,WEBSERVICES_TSTDRV2521788_022120225141904652035336021_fe0b42,181.3KiB,0:00:00.742157
10,100,WEBSERVICES_TSTDRV2521788_022120225141904652035336021_fe0b42,175.7KiB,0:00:00.860147
11,100,WEBSERVICES_TSTDRV2521788_022120225141904652035336021_fe0b42,180.0KiB,0:00:00.776512
12,100,WEBSERVICES_TSTDRV2521788_022120225141904652035336021_fe0b42,181.3KiB,0:00:00.731188
13,100,WEBSERVICES_TSTDRV2521788_022120225141904652035336021_fe0b42,174.2KiB,0:00:00.752368
14,100,WEBSERVICES_TSTDRV2521788_022120225141904652035336021_fe0b42,181.3KiB,0:00:00.831348
15,100,WEBSERVICES_TSTDRV2521788_022120225141904652035336021_fe0b42,172.8KiB,0:00:00.792980
16,100,WEBSERVICES_TSTDRV2521788_022120225141904652035336021_fe0b42,171.0KiB,0:00:01.044929
17,100,WEBSERVICES_TSTDRV2521788_022120225141904652035336021_fe0b42,178.7KiB,0:00:00.785533
18,100,WEBSERVICES_TSTDRV2521788_022120225141904652035336021_fe0b42,183.0KiB,0:00:00.790481
19,100,WEBSERVICES_TSTDRV2521788_022120225141904652035336021_fe0b42,187.3KiB,0:00:00.778068
20,100,WEBSERVICES_TSTDRV2521788_022120225141904652035336021_fe0b42,178.4KiB,0:00:01.270656
21,100,WEBSERVICES_TSTDRV2521788_022120225141904652035336021_fe0b42,195.2KiB,0:00:00.783346
22,100,WEBSERVICES_TSTDRV2521788_022120225141904652035336021_fe0b42,171.4KiB,0:00:00.820157
23,100,WEBSERVICES_TSTDRV2521788_022120225141904652035336021_fe0b42,162.9KiB,0:00:00.799503
24,100,WEBSERVICES_TSTDRV2521788_022120225141904652035336021_fe0b42,168.6KiB,0:00:00.894542
25,100,WEBSERVICES_TSTDRV2521788_022120225141904652035336021_fe0b42,184.2KiB,0:00:00.784917
26,100,WEBSERVICES_TSTDRV2521788_022120225141904652035336021_fe0b42,183.2KiB,0:00:00.795063
27,100,WEBSERVICES_TSTDRV2521788_022120225141904652035336021_fe0b42,178.4KiB,0:00:00.808504
28,100,WEBSERVICES_TSTDRV2521788_022120225141904652035336021_fe0b42,179.8KiB,0:00:00.787329
29,100,WEBSERVICES_TSTDRV2521788_022120225141904652035336021_fe0b42,178.6KiB,0:00:01.002762
30,100,WEBSERVICES_TSTDRV2521788_022120225141904652035336021_fe0b42,181.9KiB,0:00:00.818306
31,100,WEBSERVICES_TSTDRV2521788_022120225141904652035336021_fe0b42,182.3KiB,0:00:01.012327
32,100,WEBSERVICES_TSTDRV2521788_022120225141904652035336021_fe0b42,179.5KiB,0:00:00.838334
33,100,WEBSERVICES_TSTDRV2521788_022120225141904652035336021_fe0b42,180.1KiB,0:00:01.144637
34,100,WEBSERVICES_TSTDRV2521788_022120225141904652035336021_fe0b42,178.5KiB,0:00:00.813718
35,100,WEBSERVICES_TSTDRV2521788_022120225141904652035336021_fe0b42,173.2KiB,0:00:00.885132
36,100,WEBSERVICES_TSTDRV2521788_022120225141904652035336021_fe0b42,170.7KiB,0:00:00.803760
37,100,WEBSERVICES_TSTDRV2521788_022120225141904652035336021_fe0b42,179.4KiB,0:00:00.813308
38,100,WEBSERVICES_TSTDRV2521788_022120225141904652035336021_fe0b42,181.3KiB,0:00:00.857321
39,100,WEBSERVICES_TSTDRV2521788_022120225141904652035336021_fe0b42,179.7KiB,0:00:00.832249
40,100,WEBSERVICES_TSTDRV2521788_022120225141904652035336021_fe0b42,174.9KiB,0:00:00.872792
41,100,WEBSERVICES_TSTDRV2521788_022120225141904652035336021_fe0b42,179.1KiB,0:00:00.829812
42,100,WEBSERVICES_TSTDRV2521788_022120225141904652035336021_fe0b42,190.1KiB,0:00:01.007718
43,100,WEBSERVICES_TSTDRV2521788_022120225141904652035336021_fe0b42,199.6KiB,0:00:00.940123
44,100,WEBSERVICES_TSTDRV2521788_022120225141904652035336021_fe0b42,183.1KiB,0:00:01.101789
45,100,WEBSERVICES_TSTDRV2521788_022120225141904652035336021_fe0b42,183.3KiB,0:00:00.913247
46,100,WEBSERVICES_TSTDRV2521788_022120225141904652035336021_fe0b42,184.7KiB,0:00:00.904857
47,100,WEBSERVICES_TSTDRV2521788_022120225141904652035336021_fe0b42,178.9KiB,0:00:00.856774
48,100,WEBSERVICES_TSTDRV2521788_022120225141904652035336021_fe0b42,178.6KiB,0:00:00.870396
49,100,WEBSERVICES_TSTDRV2521788_022120225141904652035336021_fe0b42,183.8KiB,0:00:01.140337
50,100,WEBSERVICES_TSTDRV2521788_022120225141904652035336021_fe0b42,180.2KiB,0:00:00.898221
51,100,WEBSERVICES_TSTDRV2521788_022120225141904652035336021_fe0b42,180.7KiB,0:00:00.875531
52,100,WEBSERVICES_TSTDRV2521788_022120225141904652035336021_fe0b42,189.7KiB,0:00:00.897863
53,100,WEBSERVICES_TSTDRV2521788_022120225141904652035336021_fe0b42,188.3KiB,0:00:01.043017
54,100,WEBSERVICES_TSTDRV2521788_022120225141904652035336021_fe0b42,181.0KiB,0:00:00.916064
55,100,WEBSERVICES_TSTDRV2521788_022120225141904652035336021_fe0b42,186.9KiB,0:00:00.979971
56,100,WEBSERVICES_TSTDRV2521788_022120225141904652035336021_fe0b42,193.6KiB,0:00:00.909738
57,100,WEBSERVICES_TSTDRV2521788_022120225141904652035336021_fe0b42,185.3KiB,0:00:00.927473
58,100,WEBSERVICES_TSTDRV2521788_022120225141904652035336021_fe0b42,183.5KiB,0:00:00.971718
59,100,WEBSERVICES_TSTDRV2521788_022120225141904652035336021_fe0b42,183.0KiB,0:00:00.901963
60,100,WEBSERVICES_TSTDRV2521788_022120225141904652035336021_fe0b42,185.6KiB,0:00:01.056717
61,100,WEBSERVICES_TSTDRV2521788_022120225141904652035336021_fe0b42,175.5KiB,0:00:00.972866
62,100,WEBSERVICES_TSTDRV2521788_022120225141904652035336021_fe0b42,189.6KiB,0:00:01.096128
63,100,WEBSERVICES_TSTDRV2521788_022120225141904652035336021_fe0b42,185.6KiB,0:00:01.095995
64,100,WEBSERVICES_TSTDRV2521788_022120225141904652035336021_fe0b42,186.5KiB,0:00:01.081398
65,100,WEBSERVICES_TSTDRV2521788_022120225141904652035336021_fe0b42,188.6KiB,0:00:01.004226
66,100,WEBSERVICES_TSTDRV2521788_022120225141904652035336021_fe0b42,184.8KiB,0:00:00.976302
67,100,WEBSERVICES_TSTDRV2521788_022120225141904652035336021_fe0b42,181.7KiB,0:00:00.965597
68,100,WEBSERVICES_TSTDRV2521788_022120225141904652035336021_fe0b42,181.7KiB,0:00:01.040826
69,100,WEBSERVICES_TSTDRV2521788_022120225141904652035336021_fe0b42,179.9KiB,0:00:00.946964
70,100,WEBSERVICES_TSTDRV2521788_022120225141904652035336021_fe0b42,184.7KiB,0:00:00.998456
71,100,WEBSERVICES_TSTDRV2521788_022120225141904652035336021_fe0b42,177.4KiB,0:00:01.030968
72,100,WEBSERVICES_TSTDRV2521788_022120225141904652035336021_fe0b42,180.6KiB,0:00:01.065750
73,100,WEBSERVICES_TSTDRV2521788_022120225141904652035336021_fe0b42,177.7KiB,0:00:01.060565
74,100,WEBSERVICES_TSTDRV2521788_022120225141904652035336021_fe0b42,180.9KiB,0:00:01.129245
75,100,WEBSERVICES_TSTDRV2521788_022120225141904652035336021_fe0b42,183.4KiB,0:00:01.039364
76,100,WEBSERVICES_TSTDRV2521788_022120225141904652035336021_fe0b42,183.9KiB,0:00:01.094259
77,100,WEBSERVICES_TSTDRV2521788_022120225141904652035336021_fe0b42,179.1KiB,0:00:01.008942
78,100,WEBSERVICES_TSTDRV2521788_022120225141904652035336021_fe0b42,181.1KiB,0:00:01.094882
79,100,WEBSERVICES_TSTDRV2521788_022120225141904652035336021_fe0b42,182.7KiB,0:00:01.066437
80,100,WEBSERVICES_TSTDRV2521788_022120225141904652035336021_fe0b42,180.0KiB,0:00:01.198748
81,100,WEBSERVICES_TSTDRV2521788_022120225141904652035336021_fe0b42,176.8KiB,0:00:01.112093
82,100,WEBSERVICES_TSTDRV2521788_022120225141904652035336021_fe0b42,178.5KiB,0:00:01.085622
83,100,WEBSERVICES_TSTDRV2521788_022120225141904652035336021_fe0b42,189.8KiB,0:00:01.270441
84,100,WEBSERVICES_TSTDRV2521788_022120225141904652035336021_fe0b42,11.3KiB,0:00:00.953564
1,200,WEBSERVICES_TSTDRV2521788_02212022514355511836061192_38e512d,361.5KiB,0:00:00.898008
2,200,WEBSERVICES_TSTDRV2521788_02212022514355511836061192_38e512d,361.4KiB,0:00:00.864397
3,200,WEBSERVICES_TSTDRV2521788_02212022514355511836061192_38e512d,361.4KiB,0:00:00.958978
4,200,WEBSERVICES_TSTDRV2521788_02212022514355511836061192_38e512d,361.4KiB,0:00:00.824256
5,200,WEBSERVICES_TSTDRV2521788_02212022514355511836061192_38e512d,355.9KiB,0:00:00.852511
6,200,WEBSERVICES_TSTDRV2521788_02212022514355511836061192_38e512d,360.1KiB,0:00:00.941859
7,200,WEBSERVICES_TSTDRV2521788_02212022514355511836061192_38e512d,354.4KiB,0:00:00.888806
8,200,WEBSERVICES_TSTDRV2521788_02212022514355511836061192_38e512d,342.7KiB,0:00:00.860597
9,200,WEBSERVICES_TSTDRV2521788_02212022514355511836061192_38e512d,360.6KiB,0:00:00.910956
10,200,WEBSERVICES_TSTDRV2521788_02212022514355511836061192_38e512d,364.5KiB,0:00:00.956795
11,200,WEBSERVICES_TSTDRV2521788_02212022514355511836061192_38e512d,365.5KiB,0:00:00.882217
12,200,WEBSERVICES_TSTDRV2521788_02212022514355511836061192_38e512d,330.4KiB,0:00:00.907516
13,200,WEBSERVICES_TSTDRV2521788_02212022514355511836061192_38e512d,366.2KiB,0:00:00.911050
14,200,WEBSERVICES_TSTDRV2521788_02212022514355511836061192_38e512d,357.0KiB,0:00:00.956757
15,200,WEBSERVICES_TSTDRV2521788_02212022514355511836061192_38e512d,359.3KiB,0:00:00.941581
16,200,WEBSERVICES_TSTDRV2521788_02212022514355511836061192_38e512d,360.7KiB,0:00:00.984829
17,200,WEBSERVICES_TSTDRV2521788_02212022514355511836061192_38e512d,357.5KiB,0:00:00.954397
18,200,WEBSERVICES_TSTDRV2521788_02212022514355511836061192_38e512d,342.8KiB,0:00:00.992890
19,200,WEBSERVICES_TSTDRV2521788_02212022514355511836061192_38e512d,359.6KiB,0:00:01.001901
20,200,WEBSERVICES_TSTDRV2521788_02212022514355511836061192_38e512d,353.4KiB,0:00:00.988727
21,200,WEBSERVICES_TSTDRV2521788_02212022514355511836061192_38e512d,368.1KiB,0:00:01.205552
22,200,WEBSERVICES_TSTDRV2521788_02212022514355511836061192_38e512d,381.6KiB,0:00:01.303286
23,200,WEBSERVICES_TSTDRV2521788_02212022514355511836061192_38e512d,366.8KiB,0:00:01.073993
24,200,WEBSERVICES_TSTDRV2521788_02212022514355511836061192_38e512d,356.3KiB,0:00:01.017109
25,200,WEBSERVICES_TSTDRV2521788_02212022514355511836061192_38e512d,362.8KiB,0:00:02.045096
26,200,WEBSERVICES_TSTDRV2521788_02212022514355511836061192_38e512d,369.2KiB,0:00:01.043758
27,200,WEBSERVICES_TSTDRV2521788_02212022514355511836061192_38e512d,368.1KiB,0:00:01.118719
28,200,WEBSERVICES_TSTDRV2521788_02212022514355511836061192_38e512d,379.3KiB,0:00:01.126369
29,200,WEBSERVICES_TSTDRV2521788_02212022514355511836061192_38e512d,367.6KiB,0:00:01.417468
30,200,WEBSERVICES_TSTDRV2521788_02212022514355511836061192_38e512d,367.4KiB,0:00:01.102325
31,200,WEBSERVICES_TSTDRV2521788_02212022514355511836061192_38e512d,363.9KiB,0:00:01.421530
32,200,WEBSERVICES_TSTDRV2521788_02212022514355511836061192_38e512d,371.0KiB,0:00:01.110550
33,200,WEBSERVICES_TSTDRV2521788_02212022514355511836061192_38e512d,372.3KiB,0:00:01.163617
34,200,WEBSERVICES_TSTDRV2521788_02212022514355511836061192_38e512d,362.3KiB,0:00:01.086814
35,200,WEBSERVICES_TSTDRV2521788_02212022514355511836061192_38e512d,363.5KiB,0:00:01.211008
36,200,WEBSERVICES_TSTDRV2521788_02212022514355511836061192_38e512d,356.9KiB,0:00:01.134921
37,200,WEBSERVICES_TSTDRV2521788_02212022514355511836061192_38e512d,357.4KiB,0:00:01.225102
38,200,WEBSERVICES_TSTDRV2521788_02212022514355511836061192_38e512d,366.1KiB,0:00:01.219507
39,200,WEBSERVICES_TSTDRV2521788_02212022514355511836061192_38e512d,359.0KiB,0:00:01.188554
40,200,WEBSERVICES_TSTDRV2521788_02212022514355511836061192_38e512d,361.5KiB,0:00:01.121168
41,200,WEBSERVICES_TSTDRV2521788_02212022514355511836061192_38e512d,354.2KiB,0:00:01.552148
42,200,WEBSERVICES_TSTDRV2521788_02212022514355511836061192_38e512d,199.9KiB,0:00:01.050504
1,300,WEBSERVICES_TSTDRV2521788_022120225144504391428237729_c16b0d,541.6KiB,0:00:00.941975
2,300,WEBSERVICES_TSTDRV2521788_022120225144504391428237729_c16b0d,541.5KiB,0:00:01.118826
3,300,WEBSERVICES_TSTDRV2521788_022120225144504391428237729_c16b0d,541.5KiB,0:00:01.316474
4,300,WEBSERVICES_TSTDRV2521788_022120225144504391428237729_c16b0d,534.6KiB,0:00:00.990251
5,300,WEBSERVICES_TSTDRV2521788_022120225144504391428237729_c16b0d,526.0KiB,0:00:01.006437
6,300,WEBSERVICES_TSTDRV2521788_022120225144504391428237729_c16b0d,530.5KiB,0:00:01.124144
7,300,WEBSERVICES_TSTDRV2521788_022120225144504391428237729_c16b0d,558.6KiB,0:00:01.022079
8,300,WEBSERVICES_TSTDRV2521788_022120225144504391428237729_c16b0d,500.6KiB,0:00:01.465210
9,300,WEBSERVICES_TSTDRV2521788_022120225144504391428237729_c16b0d,543.4KiB,0:00:01.046505
10,300,WEBSERVICES_TSTDRV2521788_022120225144504391428237729_c16b0d,537.9KiB,0:00:01.059381
11,300,WEBSERVICES_TSTDRV2521788_022120225144504391428237729_c16b0d,539.6KiB,0:00:01.179020
12,300,WEBSERVICES_TSTDRV2521788_022120225144504391428237729_c16b0d,520.2KiB,0:00:01.091172
13,300,WEBSERVICES_TSTDRV2521788_022120225144504391428237729_c16b0d,538.1KiB,0:00:01.142132
14,300,WEBSERVICES_TSTDRV2521788_022120225144504391428237729_c16b0d,541.8KiB,0:00:01.147085
15,300,WEBSERVICES_TSTDRV2521788_022120225144504391428237729_c16b0d,563.8KiB,0:00:01.143554
16,300,WEBSERVICES_TSTDRV2521788_022120225144504391428237729_c16b0d,539.8KiB,0:00:01.211887
17,300,WEBSERVICES_TSTDRV2521788_022120225144504391428237729_c16b0d,542.4KiB,0:00:01.203751
18,300,WEBSERVICES_TSTDRV2521788_022120225144504391428237729_c16b0d,556.6KiB,0:00:01.302891
19,300,WEBSERVICES_TSTDRV2521788_022120225144504391428237729_c16b0d,563.5KiB,0:00:01.202633
20,300,WEBSERVICES_TSTDRV2521788_022120225144504391428237729_c16b0d,549.7KiB,0:00:01.206834
21,300,WEBSERVICES_TSTDRV2521788_022120225144504391428237729_c16b0d,548.4KiB,0:00:01.196685
22,300,WEBSERVICES_TSTDRV2521788_022120225144504391428237729_c16b0d,557.7KiB,0:00:01.245389
23,300,WEBSERVICES_TSTDRV2521788_022120225144504391428237729_c16b0d,541.0KiB,0:00:01.205677
24,300,WEBSERVICES_TSTDRV2521788_022120225144504391428237729_c16b0d,540.5KiB,0:00:01.417618
25,300,WEBSERVICES_TSTDRV2521788_022120225144504391428237729_c16b0d,539.6KiB,0:00:01.370979
26,300,WEBSERVICES_TSTDRV2521788_022120225144504391428237729_c16b0d,541.8KiB,0:00:01.294960
27,300,WEBSERVICES_TSTDRV2521788_022120225144504391428237729_c16b0d,537.1KiB,0:00:01.482003
28,300,WEBSERVICES_TSTDRV2521788_022120225144504391428237729_c16b0d,377.3KiB,0:00:01.245367
1,400,WEBSERVICES_TSTDRV2521788_022120225146935491962156511_ca8d50,721.7KiB,0:00:01.059957
2,400,WEBSERVICES_TSTDRV2521788_022120225146935491962156511_ca8d50,721.6KiB,0:00:01.155443
3,400,WEBSERVICES_TSTDRV2521788_022120225146935491962156511_ca8d50,714.8KiB,0:00:01.495007
4,400,WEBSERVICES_TSTDRV2521788_022120225146935491962156511_ca8d50,695.9KiB,0:00:01.141503
5,400,WEBSERVICES_TSTDRV2521788_022120225146935491962156511_ca8d50,724.0KiB,0:00:01.118202
6,400,WEBSERVICES_TSTDRV2521788_022120225146935491962156511_ca8d50,694.6KiB,0:00:01.202738
7,400,WEBSERVICES_TSTDRV2521788_022120225146935491962156511_ca8d50,722.0KiB,0:00:01.144643
8,400,WEBSERVICES_TSTDRV2521788_022120225146935491962156511_ca8d50,718.8KiB,0:00:01.241572
9,400,WEBSERVICES_TSTDRV2521788_022120225146935491962156511_ca8d50,699.1KiB,0:00:01.398311
10,400,WEBSERVICES_TSTDRV2521788_022120225146935491962156511_ca8d50,711.8KiB,0:00:01.473926
11,400,WEBSERVICES_TSTDRV2521788_022120225146935491962156511_ca8d50,748.5KiB,0:00:01.239711
12,400,WEBSERVICES_TSTDRV2521788_022120225146935491962156511_ca8d50,721.9KiB,0:00:01.272237
13,400,WEBSERVICES_TSTDRV2521788_022120225146935491962156511_ca8d50,730.9KiB,0:00:01.285341
14,400,WEBSERVICES_TSTDRV2521788_022120225146935491962156511_ca8d50,746.3KiB,0:00:01.277036
15,400,WEBSERVICES_TSTDRV2521788_022120225146935491962156511_ca8d50,733.9KiB,0:00:01.450313
16,400,WEBSERVICES_TSTDRV2521788_022120225146935491962156511_ca8d50,733.7KiB,0:00:01.453037
17,400,WEBSERVICES_TSTDRV2521788_022120225146935491962156511_ca8d50,733.4KiB,0:00:01.263155
18,400,WEBSERVICES_TSTDRV2521788_022120225146935491962156511_ca8d50,719.2KiB,0:00:01.407775
19,400,WEBSERVICES_TSTDRV2521788_022120225146935491962156511_ca8d50,722.4KiB,0:00:01.382128
20,400,WEBSERVICES_TSTDRV2521788_022120225146935491962156511_ca8d50,719.3KiB,0:00:01.435775
21,400,WEBSERVICES_TSTDRV2521788_022120225146935491962156511_ca8d50,553.0KiB,0:00:01.361875
1,500,WEBSERVICES_TSTDRV2521788_022120225154593991783422951_d3c0e7,901.8KiB,0:00:01.699745
2,500,WEBSERVICES_TSTDRV2521788_022120225154593991783422951_d3c0e7,896.2KiB,0:00:01.209827
3,500,WEBSERVICES_TSTDRV2521788_022120225154593991783422951_d3c0e7,885.0KiB,0:00:01.244734
4,500,WEBSERVICES_TSTDRV2521788_022120225154593991783422951_d3c0e7,893.9KiB,0:00:01.235997
5,500,WEBSERVICES_TSTDRV2521788_022120225154593991783422951_d3c0e7,877.7KiB,0:00:01.237585
6,500,WEBSERVICES_TSTDRV2521788_022120225154593991783422951_d3c0e7,897.2KiB,0:00:01.322444
7,500,WEBSERVICES_TSTDRV2521788_022120225154593991783422951_d3c0e7,889.1KiB,0:00:01.390074
8,500,WEBSERVICES_TSTDRV2521788_022120225154593991783422951_d3c0e7,881.4KiB,0:00:01.350793
9,500,WEBSERVICES_TSTDRV2521788_022120225154593991783422951_d3c0e7,930.7KiB,0:00:01.488420
10,500,WEBSERVICES_TSTDRV2521788_022120225154593991783422951_d3c0e7,901.5KiB,0:00:01.480908
11,500,WEBSERVICES_TSTDRV2521788_022120225154593991783422951_d3c0e7,921.9KiB,0:00:01.369039
12,500,WEBSERVICES_TSTDRV2521788_022120225154593991783422951_d3c0e7,926.4KiB,0:00:01.529197
13,500,WEBSERVICES_TSTDRV2521788_022120225154593991783422951_d3c0e7,921.2KiB,0:00:01.445029
14,500,WEBSERVICES_TSTDRV2521788_022120225154593991783422951_d3c0e7,908.3KiB,0:00:01.454677
15,500,WEBSERVICES_TSTDRV2521788_022120225154593991783422951_d3c0e7,895.4KiB,0:00:01.549750
16,500,WEBSERVICES_TSTDRV2521788_022120225154593991783422951_d3c0e7,902.1KiB,0:00:01.442853
17,500,WEBSERVICES_TSTDRV2521788_022120225154593991783422951_d3c0e7,553.0KiB,0:00:01.277398
1,600,WEBSERVICES_TSTDRV2521788_022120225151687901862833661_b4dd6e,1.1MiB,0:00:01.309980
2,600,WEBSERVICES_TSTDRV2521788_022120225151687901862833661_b4dd6e,1.0MiB,0:00:01.282745
3,600,WEBSERVICES_TSTDRV2521788_022120225151687901862833661_b4dd6e,1.0MiB,0:00:01.322581
4,600,WEBSERVICES_TSTDRV2521788_022120225151687901862833661_b4dd6e,1.0MiB,0:00:01.800668
5,600,WEBSERVICES_TSTDRV2521788_022120225151687901862833661_b4dd6e,1.1MiB,0:00:01.439147
6,600,WEBSERVICES_TSTDRV2521788_022120225151687901862833661_b4dd6e,1.0MiB,0:00:01.508678
7,600,WEBSERVICES_TSTDRV2521788_022120225151687901862833661_b4dd6e,1.1MiB,0:00:01.583311
8,600,WEBSERVICES_TSTDRV2521788_022120225151687901862833661_b4dd6e,1.1MiB,0:00:01.562413
9,600,WEBSERVICES_TSTDRV2521788_022120225151687901862833661_b4dd6e,1.1MiB,0:00:01.514821
10,600,WEBSERVICES_TSTDRV2521788_022120225151687901862833661_b4dd6e,1.1MiB,0:00:01.583231
11,600,WEBSERVICES_TSTDRV2521788_022120225151687901862833661_b4dd6e,1.1MiB,0:00:01.560593
12,600,WEBSERVICES_TSTDRV2521788_022120225151687901862833661_b4dd6e,1.1MiB,0:00:01.656695
13,600,WEBSERVICES_TSTDRV2521788_022120225151687901862833661_b4dd6e,1.1MiB,0:00:01.542205
14,600,WEBSERVICES_TSTDRV2521788_022120225151687901862833661_b4dd6e,913.3KiB,0:00:01.468680
1,700,WEBSERVICES_TSTDRV2521788_022120225152034811163684639_71a9cd,1.2MiB,0:00:01.364314
2,700,WEBSERVICES_TSTDRV2521788_022120225152034811163684639_71a9cd,1.2MiB,0:00:01.919828
3,700,WEBSERVICES_TSTDRV2521788_022120225152034811163684639_71a9cd,1.2MiB,0:00:01.645685
4,700,WEBSERVICES_TSTDRV2521788_022120225152034811163684639_71a9cd,1.2MiB,0:00:01.548620
5,700,WEBSERVICES_TSTDRV2521788_022120225152034811163684639_71a9cd,1.2MiB,0:00:01.528208
6,700,WEBSERVICES_TSTDRV2521788_022120225152034811163684639_71a9cd,1.2MiB,0:00:01.557973
7,700,WEBSERVICES_TSTDRV2521788_022120225152034811163684639_71a9cd,1.3MiB,0:00:01.669989
8,700,WEBSERVICES_TSTDRV2521788_022120225152034811163684639_71a9cd,1.3MiB,0:00:01.588769
9,700,WEBSERVICES_TSTDRV2521788_022120225152034811163684639_71a9cd,1.3MiB,0:00:02.024534
10,700,WEBSERVICES_TSTDRV2521788_022120225152034811163684639_71a9cd,1.3MiB,0:00:01.736034
11,700,WEBSERVICES_TSTDRV2521788_022120225152034811163684639_71a9cd,1.2MiB,0:00:01.695667
12,700,WEBSERVICES_TSTDRV2521788_022120225152034811163684639_71a9cd,1.1MiB,0:00:01.598698
1,800,WEBSERVICES_TSTDRV2521788_022120225152964291316654156_6283e9,1.4MiB,0:00:01.508954
2,800,WEBSERVICES_TSTDRV2521788_022120225152964291316654156_6283e9,1.4MiB,0:00:01.564412
3,800,WEBSERVICES_TSTDRV2521788_022120225152964291316654156_6283e9,1.4MiB,0:00:01.638317
4,800,WEBSERVICES_TSTDRV2521788_022120225152964291316654156_6283e9,1.4MiB,0:00:01.617123
5,800,WEBSERVICES_TSTDRV2521788_022120225152964291316654156_6283e9,1.4MiB,0:00:02.099453
6,800,WEBSERVICES_TSTDRV2521788_022120225152964291316654156_6283e9,1.4MiB,0:00:02.052516
7,800,WEBSERVICES_TSTDRV2521788_022120225152964291316654156_6283e9,1.4MiB,0:00:01.758397
8,800,WEBSERVICES_TSTDRV2521788_022120225152964291316654156_6283e9,1.4MiB,0:00:01.779623
9,800,WEBSERVICES_TSTDRV2521788_022120225152964291316654156_6283e9,1.4MiB,0:00:01.782794
10,800,WEBSERVICES_TSTDRV2521788_022120225152964291316654156_6283e9,1.4MiB,0:00:01.905019
11,800,WEBSERVICES_TSTDRV2521788_022120225152964291316654156_6283e9,553.0KiB,0:00:01.308445
1,900,WEBSERVICES_TSTDRV2521788_0221202251539252456329083_6c34313f,1.6MiB,0:00:01.845918
2,900,WEBSERVICES_TSTDRV2521788_0221202251539252456329083_6c34313f,1.6MiB,0:00:01.609411
3,900,WEBSERVICES_TSTDRV2521788_0221202251539252456329083_6c34313f,1.6MiB,0:00:02.308451
4,900,WEBSERVICES_TSTDRV2521788_0221202251539252456329083_6c34313f,1.6MiB,0:00:01.783659
5,900,WEBSERVICES_TSTDRV2521788_0221202251539252456329083_6c34313f,1.6MiB,0:00:01.771795
6,900,WEBSERVICES_TSTDRV2521788_0221202251539252456329083_6c34313f,1.6MiB,0:00:02.011606
7,900,WEBSERVICES_TSTDRV2521788_0221202251539252456329083_6c34313f,1.6MiB,0:00:02.083616
8,900,WEBSERVICES_TSTDRV2521788_0221202251539252456329083_6c34313f,1.6MiB,0:00:02.136868
9,900,WEBSERVICES_TSTDRV2521788_0221202251539252456329083_6c34313f,1.6MiB,0:00:02.108418
10,900,WEBSERVICES_TSTDRV2521788_0221202251539252456329083_6c34313f,377.3KiB,0:00:01.249055
1,1000,WEBSERVICES_TSTDRV2521788_022120225154334941990895819_14c47b,1.8MiB,0:00:01.782764
2,1000,WEBSERVICES_TSTDRV2521788_022120225154334941990895819_14c47b,1.7MiB,0:00:01.840972
3,1000,WEBSERVICES_TSTDRV2521788_022120225154334941990895819_14c47b,1.7MiB,0:00:01.863443
4,1000,WEBSERVICES_TSTDRV2521788_022120225154334941990895819_14c47b,1.7MiB,0:00:01.942340
5,1000,WEBSERVICES_TSTDRV2521788_022120225154334941990895819_14c47b,1.8MiB,0:00:02.075327
6,1000,WEBSERVICES_TSTDRV2521788_022120225154334941990895819_14c47b,1.8MiB,0:00:02.012115
7,1000,WEBSERVICES_TSTDRV2521788_022120225154334941990895819_14c47b,1.8MiB,0:00:02.023352
8,1000,WEBSERVICES_TSTDRV2521788_022120225154334941990895819_14c47b,1.8MiB,0:00:02.285899
9,1000,WEBSERVICES_TSTDRV2521788_022120225154334941990895819_14c47b,553.0KiB,0:00:01.329221
1,100,WEBSERVICES_TSTDRV2521788_022120225206340811977599849_52d2c3,181.3KiB,0:00:00.812704
2,100,WEBSERVICES_TSTDRV2521788_022120225206340811977599849_52d2c3,181.3KiB,0:00:01.206344
3,100,WEBSERVICES_TSTDRV2521788_022120225206340811977599849_52d2c3,181.3KiB,0:00:00.671436
4,100,WEBSERVICES_TSTDRV2521788_022120225206340811977599849_52d2c3,181.3KiB,0:00:00.690114
5,100,WEBSERVICES_TSTDRV2521788_022120225206340811977599849_52d2c3,181.3KiB,0:00:00.717045
6,100,WEBSERVICES_TSTDRV2521788_022120225206340811977599849_52d2c3,181.3KiB,0:00:00.705128
7,100,WEBSERVICES_TSTDRV2521788_022120225206340811977599849_52d2c3,181.2KiB,0:00:00.809978
8,100,WEBSERVICES_TSTDRV2521788_022120225206340811977599849_52d2c3,181.3KiB,0:00:00.691460
9,100,WEBSERVICES_TSTDRV2521788_022120225206340811977599849_52d2c3,181.3KiB,0:00:00.718446
10,100,WEBSERVICES_TSTDRV2521788_022120225206340811977599849_52d2c3,175.7KiB,0:00:00.700914
11,100,WEBSERVICES_TSTDRV2521788_022120225206340811977599849_52d2c3,180.0KiB,0:00:00.752107
12,100,WEBSERVICES_TSTDRV2521788_022120225206340811977599849_52d2c3,181.3KiB,0:00:00.748859
13,100,WEBSERVICES_TSTDRV2521788_022120225206340811977599849_52d2c3,174.2KiB,0:00:00.709339
14,100,WEBSERVICES_TSTDRV2521788_022120225206340811977599849_52d2c3,181.3KiB,0:00:00.727693
15,100,WEBSERVICES_TSTDRV2521788_022120225206340811977599849_52d2c3,172.8KiB,0:00:00.711198
16,100,WEBSERVICES_TSTDRV2521788_022120225206340811977599849_52d2c3,171.0KiB,0:00:00.751676
17,100,WEBSERVICES_TSTDRV2521788_022120225206340811977599849_52d2c3,178.7KiB,0:00:00.725088
18,100,WEBSERVICES_TSTDRV2521788_022120225206340811977599849_52d2c3,183.0KiB,0:00:00.746385
19,100,WEBSERVICES_TSTDRV2521788_022120225206340811977599849_52d2c3,187.3KiB,0:00:00.736955
20,100,WEBSERVICES_TSTDRV2521788_022120225206340811977599849_52d2c3,178.4KiB,0:00:00.758049
21,100,WEBSERVICES_TSTDRV2521788_022120225206340811977599849_52d2c3,195.2KiB,0:00:00.756613
22,100,WEBSERVICES_TSTDRV2521788_022120225206340811977599849_52d2c3,171.4KiB,0:00:00.915586
23,100,WEBSERVICES_TSTDRV2521788_022120225206340811977599849_52d2c3,162.9KiB,0:00:00.749202
24,100,WEBSERVICES_TSTDRV2521788_022120225206340811977599849_52d2c3,168.6KiB,0:00:00.743402
25,100,WEBSERVICES_TSTDRV2521788_022120225206340811977599849_52d2c3,184.2KiB,0:00:00.774936
26,100,WEBSERVICES_TSTDRV2521788_022120225206340811977599849_52d2c3,183.2KiB,0:00:00.787649
27,100,WEBSERVICES_TSTDRV2521788_022120225206340811977599849_52d2c3,178.4KiB,0:00:00.792409
28,100,WEBSERVICES_TSTDRV2521788_022120225206340811977599849_52d2c3,179.8KiB,0:00:00.782044
29,100,WEBSERVICES_TSTDRV2521788_022120225206340811977599849_52d2c3,178.6KiB,0:00:00.967267
30,100,WEBSERVICES_TSTDRV2521788_022120225206340811977599849_52d2c3,181.9KiB,0:00:00.849317
31,100,WEBSERVICES_TSTDRV2521788_022120225206340811977599849_52d2c3,182.3KiB,0:00:00.944344
32,100,WEBSERVICES_TSTDRV2521788_022120225206340811977599849_52d2c3,179.5KiB,0:00:00.828482
33,100,WEBSERVICES_TSTDRV2521788_022120225206340811977599849_52d2c3,180.1KiB,0:00:00.801773
34,100,WEBSERVICES_TSTDRV2521788_022120225206340811977599849_52d2c3,178.5KiB,0:00:00.792721
35,100,WEBSERVICES_TSTDRV2521788_022120225206340811977599849_52d2c3,173.2KiB,0:00:00.810877
36,100,WEBSERVICES_TSTDRV2521788_022120225206340811977599849_52d2c3,170.7KiB,0:00:00.848036
37,100,WEBSERVICES_TSTDRV2521788_022120225206340811977599849_52d2c3,179.4KiB,0:00:00.892066
38,100,WEBSERVICES_TSTDRV2521788_022120225206340811977599849_52d2c3,181.3KiB,0:00:00.972265
39,100,WEBSERVICES_TSTDRV2521788_022120225206340811977599849_52d2c3,179.7KiB,0:00:00.839179
40,100,WEBSERVICES_TSTDRV2521788_022120225206340811977599849_52d2c3,174.9KiB,0:00:01.395751
41,100,WEBSERVICES_TSTDRV2521788_022120225206340811977599849_52d2c3,179.1KiB,0:00:01.010361
42,100,WEBSERVICES_TSTDRV2521788_022120225206340811977599849_52d2c3,190.1KiB,0:00:00.886114
43,100,WEBSERVICES_TSTDRV2521788_022120225206340811977599849_52d2c3,199.6KiB,0:00:00.905404
44,100,WEBSERVICES_TSTDRV2521788_022120225206340811977599849_52d2c3,183.1KiB,0:00:00.877763
45,100,WEBSERVICES_TSTDRV2521788_022120225206340811977599849_52d2c3,183.3KiB,0:00:00.890726
46,100,WEBSERVICES_TSTDRV2521788_022120225206340811977599849_52d2c3,184.7KiB,0:00:00.869590
47,100,WEBSERVICES_TSTDRV2521788_022120225206340811977599849_52d2c3,178.9KiB,0:00:00.861810
48,100,WEBSERVICES_TSTDRV2521788_022120225206340811977599849_52d2c3,178.6KiB,0:00:00.889686
49,100,WEBSERVICES_TSTDRV2521788_022120225206340811977599849_52d2c3,183.8KiB,0:00:00.904084
50,100,WEBSERVICES_TSTDRV2521788_022120225206340811977599849_52d2c3,180.2KiB,0:00:00.887919
51,100,WEBSERVICES_TSTDRV2521788_022120225206340811977599849_52d2c3,180.7KiB,0:00:00.914735
52,100,WEBSERVICES_TSTDRV2521788_022120225206340811977599849_52d2c3,189.7KiB,0:00:00.962004
53,100,WEBSERVICES_TSTDRV2521788_022120225206340811977599849_52d2c3,188.3KiB,0:00:00.857270
54,100,WEBSERVICES_TSTDRV2521788_022120225206340811977599849_52d2c3,181.0KiB,0:00:00.904311
55,100,WEBSERVICES_TSTDRV2521788_022120225206340811977599849_52d2c3,186.9KiB,0:00:00.945520
56,100,WEBSERVICES_TSTDRV2521788_022120225206340811977599849_52d2c3,193.6KiB,0:00:00.922254
57,100,WEBSERVICES_TSTDRV2521788_022120225206340811977599849_52d2c3,185.3KiB,0:00:01.024031
58,100,WEBSERVICES_TSTDRV2521788_022120225206340811977599849_52d2c3,183.5KiB,0:00:00.988958
59,100,WEBSERVICES_TSTDRV2521788_022120225206340811977599849_52d2c3,183.0KiB,0:00:00.872916
60,100,WEBSERVICES_TSTDRV2521788_022120225206340811977599849_52d2c3,185.6KiB,0:00:00.892554
61,100,WEBSERVICES_TSTDRV2521788_022120225206340811977599849_52d2c3,175.5KiB,0:00:01.476905
62,100,WEBSERVICES_TSTDRV2521788_022120225206340811977599849_52d2c3,189.6KiB,0:00:00.979840
63,100,WEBSERVICES_TSTDRV2521788_022120225206340811977599849_52d2c3,185.6KiB,0:00:01.102054
64,100,WEBSERVICES_TSTDRV2521788_022120225206340811977599849_52d2c3,186.5KiB,0:00:00.972768
65,100,WEBSERVICES_TSTDRV2521788_022120225206340811977599849_52d2c3,188.6KiB,0:00:00.989625
66,100,WEBSERVICES_TSTDRV2521788_022120225206340811977599849_52d2c3,184.8KiB,0:00:00.981584
67,100,WEBSERVICES_TSTDRV2521788_022120225206340811977599849_52d2c3,181.7KiB,0:00:01.062624
68,100,WEBSERVICES_TSTDRV2521788_022120225206340811977599849_52d2c3,181.7KiB,0:00:01.023038
69,100,WEBSERVICES_TSTDRV2521788_022120225206340811977599849_52d2c3,179.9KiB,0:00:01.119672
70,100,WEBSERVICES_TSTDRV2521788_022120225206340811977599849_52d2c3,184.7KiB,0:00:01.004405
71,100,WEBSERVICES_TSTDRV2521788_022120225206340811977599849_52d2c3,177.4KiB,0:00:01.103808
72,100,WEBSERVICES_TSTDRV2521788_022120225206340811977599849_52d2c3,180.6KiB,0:00:00.976926
73,100,WEBSERVICES_TSTDRV2521788_022120225206340811977599849_52d2c3,177.7KiB,0:00:00.986042
74,100,WEBSERVICES_TSTDRV2521788_022120225206340811977599849_52d2c3,180.9KiB,0:00:01.138938
75,100,WEBSERVICES_TSTDRV2521788_022120225206340811977599849_52d2c3,183.4KiB,0:00:01.123518
76,100,WEBSERVICES_TSTDRV2521788_022120225206340811977599849_52d2c3,183.9KiB,0:00:00.980110
77,100,WEBSERVICES_TSTDRV2521788_022120225206340811977599849_52d2c3,179.1KiB,0:00:01.049455
78,100,WEBSERVICES_TSTDRV2521788_022120225206340811977599849_52d2c3,181.1KiB,0:00:01.054846
79,100,WEBSERVICES_TSTDRV2521788_022120225206340811977599849_52d2c3,182.7KiB,0:00:01.062088
80,100,WEBSERVICES_TSTDRV2521788_022120225206340811977599849_52d2c3,180.0KiB,0:00:01.003526
81,100,WEBSERVICES_TSTDRV2521788_022120225206340811977599849_52d2c3,176.8KiB,0:00:01.103283
82,100,WEBSERVICES_TSTDRV2521788_022120225206340811977599849_52d2c3,178.5KiB,0:00:01.166300
83,100,WEBSERVICES_TSTDRV2521788_022120225206340811977599849_52d2c3,189.8KiB,0:00:01.476792
84,100,WEBSERVICES_TSTDRV2521788_022120225206340811977599849_52d2c3,11.3KiB,0:00:01.378555
1,100,WEBSERVICES_TSTDRV2521788_022320226937752661585657420_a37876,181.3KiB,0:00:00.701508
2,100,WEBSERVICES_TSTDRV2521788_022320226937752661585657420_a37876,181.3KiB,0:00:02.384826
3,100,WEBSERVICES_TSTDRV2521788_022320226937752661585657420_a37876,181.3KiB,0:00:01.019487
4,100,WEBSERVICES_TSTDRV2521788_022320226937752661585657420_a37876,181.3KiB,0:00:00.723312
5,100,WEBSERVICES_TSTDRV2521788_022320226937752661585657420_a37876,181.3KiB,0:00:00.703183
6,100,WEBSERVICES_TSTDRV2521788_022320226937752661585657420_a37876,181.3KiB,0:00:00.700379
7,100,WEBSERVICES_TSTDRV2521788_022320226937752661585657420_a37876,181.2KiB,0:00:00.700932
8,100,WEBSERVICES_TSTDRV2521788_022320226937752661585657420_a37876,181.3KiB,0:00:00.780485
9,100,WEBSERVICES_TSTDRV2521788_022320226937752661585657420_a37876,181.3KiB,0:00:00.701099
10,100,WEBSERVICES_TSTDRV2521788_022320226937752661585657420_a37876,175.7KiB,0:00:00.690506
11,100,WEBSERVICES_TSTDRV2521788_022320226937752661585657420_a37876,180.0KiB,0:00:00.692656
12,100,WEBSERVICES_TSTDRV2521788_022320226937752661585657420_a37876,181.3KiB,0:00:00.735015
13,100,WEBSERVICES_TSTDRV2521788_022320226937752661585657420_a37876,174.2KiB,0:00:01.331244
14,100,WEBSERVICES_TSTDRV2521788_022320226937752661585657420_a37876,181.3KiB,0:00:01.224266
15,100,WEBSERVICES_TSTDRV2521788_022320226937752661585657420_a37876,172.8KiB,0:00:00.702404
16,100,WEBSERVICES_TSTDRV2521788_022320226937752661585657420_a37876,171.0KiB,0:00:00.705999
17,100,WEBSERVICES_TSTDRV2521788_022320226937752661585657420_a37876,178.7KiB,0:00:00.729422
18,100,WEBSERVICES_TSTDRV2521788_022320226937752661585657420_a37876,183.0KiB,0:00:00.715760
19,100,WEBSERVICES_TSTDRV2521788_022320226937752661585657420_a37876,187.3KiB,0:00:00.749824
20,100,WEBSERVICES_TSTDRV2521788_022320226937752661585657420_a37876,178.4KiB,0:00:00.870234
21,100,WEBSERVICES_TSTDRV2521788_022320226937752661585657420_a37876,195.2KiB,0:00:00.749531
22,100,WEBSERVICES_TSTDRV2521788_022320226937752661585657420_a37876,171.4KiB,0:00:00.735302
23,100,WEBSERVICES_TSTDRV2521788_022320226937752661585657420_a37876,162.9KiB,0:00:00.752161
24,100,WEBSERVICES_TSTDRV2521788_022320226937752661585657420_a37876,168.6KiB,0:00:00.794685
25,100,WEBSERVICES_TSTDRV2521788_022320226937752661585657420_a37876,184.2KiB,0:00:00.775158
26,100,WEBSERVICES_TSTDRV2521788_022320226937752661585657420_a37876,183.2KiB,0:00:00.757607
27,100,WEBSERVICES_TSTDRV2521788_022320226937752661585657420_a37876,178.4KiB,0:00:00.756869
28,100,WEBSERVICES_TSTDRV2521788_022320226937752661585657420_a37876,179.8KiB,0:00:00.803660
29,100,WEBSERVICES_TSTDRV2521788_022320226937752661585657420_a37876,178.6KiB,0:00:00.780934
30,100,WEBSERVICES_TSTDRV2521788_022320226937752661585657420_a37876,181.9KiB,0:00:00.782169
31,100,WEBSERVICES_TSTDRV2521788_022320226937752661585657420_a37876,182.3KiB,0:00:00.812903
32,100,WEBSERVICES_TSTDRV2521788_022320226937752661585657420_a37876,179.5KiB,0:00:00.779927
33,100,WEBSERVICES_TSTDRV2521788_022320226937752661585657420_a37876,180.1KiB,0:00:00.829354
34,100,WEBSERVICES_TSTDRV2521788_022320226937752661585657420_a37876,178.5KiB,0:00:00.791489
35,100,WEBSERVICES_TSTDRV2521788_022320226937752661585657420_a37876,173.2KiB,0:00:00.810003
36,100,WEBSERVICES_TSTDRV2521788_022320226937752661585657420_a37876,170.7KiB,0:00:00.809496
37,100,WEBSERVICES_TSTDRV2521788_022320226937752661585657420_a37876,179.4KiB,0:00:00.816696
38,100,WEBSERVICES_TSTDRV2521788_022320226937752661585657420_a37876,181.3KiB,0:00:00.842791
39,100,WEBSERVICES_TSTDRV2521788_022320226937752661585657420_a37876,179.7KiB,0:00:00.915250
40,100,WEBSERVICES_TSTDRV2521788_022320226937752661585657420_a37876,174.9KiB,0:00:00.856327
41,100,WEBSERVICES_TSTDRV2521788_022320226937752661585657420_a37876,179.1KiB,0:00:00.853921
42,100,WEBSERVICES_TSTDRV2521788_022320226937752661585657420_a37876,190.1KiB,0:00:00.912093
43,100,WEBSERVICES_TSTDRV2521788_022320226937752661585657420_a37876,199.6KiB,0:00:00.964946
44,100,WEBSERVICES_TSTDRV2521788_022320226937752661585657420_a37876,183.1KiB,0:00:00.861172
45,100,WEBSERVICES_TSTDRV2521788_022320226937752661585657420_a37876,183.3KiB,0:00:01.036980
46,100,WEBSERVICES_TSTDRV2521788_022320226937752661585657420_a37876,184.7KiB,0:00:00.876720
47,100,WEBSERVICES_TSTDRV2521788_022320226937752661585657420_a37876,178.9KiB,0:00:00.895862
48,100,WEBSERVICES_TSTDRV2521788_022320226937752661585657420_a37876,178.6KiB,0:00:01.044145
49,100,WEBSERVICES_TSTDRV2521788_022320226937752661585657420_a37876,183.8KiB,0:00:01.032885
50,100,WEBSERVICES_TSTDRV2521788_022320226937752661585657420_a37876,180.2KiB,0:00:01.077021
51,100,WEBSERVICES_TSTDRV2521788_022320226937752661585657420_a37876,180.7KiB,0:00:01.113081
52,100,WEBSERVICES_TSTDRV2521788_022320226937752661585657420_a37876,189.7KiB,0:00:01.031257
53,100,WEBSERVICES_TSTDRV2521788_022320226937752661585657420_a37876,188.3KiB,0:00:01.056044
54,100,WEBSERVICES_TSTDRV2521788_022320226937752661585657420_a37876,181.0KiB,0:00:00.979294
55,100,WEBSERVICES_TSTDRV2521788_022320226937752661585657420_a37876,186.9KiB,0:00:00.987220
56,100,WEBSERVICES_TSTDRV2521788_022320226937752661585657420_a37876,193.6KiB,0:00:00.929218
57,100,WEBSERVICES_TSTDRV2521788_022320226937752661585657420_a37876,185.3KiB,0:00:01.085074
58,100,WEBSERVICES_TSTDRV2521788_022320226937752661585657420_a37876,183.5KiB,0:00:01.391232
59,100,WEBSERVICES_TSTDRV2521788_022320226937752661585657420_a37876,183.0KiB,0:00:01.237007
60,100,WEBSERVICES_TSTDRV2521788_022320226937752661585657420_a37876,185.6KiB,0:00:01.146735
61,100,WEBSERVICES_TSTDRV2521788_022320226937752661585657420_a37876,175.5KiB,0:00:00.915163
62,100,WEBSERVICES_TSTDRV2521788_022320226937752661585657420_a37876,189.6KiB,0:00:00.922894
63,100,WEBSERVICES_TSTDRV2521788_022320226937752661585657420_a37876,185.6KiB,0:00:00.908734
64,100,WEBSERVICES_TSTDRV2521788_022320226937752661585657420_a37876,186.5KiB,0:00:00.955428
65,100,WEBSERVICES_TSTDRV2521788_022320226937752661585657420_a37876,188.6KiB,0:00:00.981551
66,100,WEBSERVICES_TSTDRV2521788_022320226937752661585657420_a37876,184.8KiB,0:00:00.969578
67,100,WEBSERVICES_TSTDRV2521788_022320226937752661585657420_a37876,181.7KiB,0:00:01.130406
68,100,WEBSERVICES_TSTDRV2521788_022320226937752661585657420_a37876,181.7KiB,0:00:00.954182
69,100,WEBSERVICES_TSTDRV2521788_022320226937752661585657420_a37876,179.9KiB,0:00:00.982577
70,100,WEBSERVICES_TSTDRV2521788_022320226937752661585657420_a37876,184.7KiB,0:00:01.050272
71,100,WEBSERVICES_TSTDRV2521788_022320226937752661585657420_a37876,177.4KiB,0:00:01.047330
72,100,WEBSERVICES_TSTDRV2521788_022320226937752661585657420_a37876,180.6KiB,0:00:01.002258
73,100,WEBSERVICES_TSTDRV2521788_022320226937752661585657420_a37876,177.7KiB,0:00:01.088467
74,100,WEBSERVICES_TSTDRV2521788_022320226937752661585657420_a37876,180.9KiB,0:00:01.065993
75,100,WEBSERVICES_TSTDRV2521788_022320226937752661585657420_a37876,183.4KiB,0:00:01.700112
76,100,WEBSERVICES_TSTDRV2521788_022320226937752661585657420_a37876,183.9KiB,0:00:01.180565
77,100,WEBSERVICES_TSTDRV2521788_022320226937752661585657420_a37876,179.1KiB,0:00:01.036598
78,100,WEBSERVICES_TSTDRV2521788_022320226937752661585657420_a37876,181.1KiB,0:00:01.043824
79,100,WEBSERVICES_TSTDRV2521788_022320226937752661585657420_a37876,182.7KiB,0:00:01.076406
80,100,WEBSERVICES_TSTDRV2521788_022320226937752661585657420_a37876,180.0KiB,0:00:01.021223
81,100,WEBSERVICES_TSTDRV2521788_022320226937752661585657420_a37876,176.8KiB,0:00:01.033472
82,100,WEBSERVICES_TSTDRV2521788_022320226937752661585657420_a37876,178.5KiB,0:00:01.071082
83,100,WEBSERVICES_TSTDRV2521788_022320226937752661585657420_a37876,189.8KiB,0:00:01.030872
84,100,WEBSERVICES_TSTDRV2521788_022320226937752661585657420_a37876,18.0KiB,0:00:00.962642
